{"cameraMode":{"drawMode":0,"name":"Shaded","section":"Shading Mode"},"sceneLighting":false,"audioPlay":false,"sceneViewState":{"m_AlwaysRefresh":false,"showFog":false,"showSkybox":false,"showFlares":false,"showImageEffects":true,"showParticleSystems":true,"showVisualEffectGraphs":true,"m_FxEnabled":true},"in2DMode":false,"pivot":{"x":8.343311309814454,"y":0.023707926273345948,"z":0.22154712677001954},"rotation":{"x":0.011809415183961392,"y":-0.008740290999412537,"z":0.00028588809072971344,"w":0.9999805688858032},"size":6.080267429351807,"orthographic":false}