{"cameraMode":{"drawMode":0,"name":"Shaded","section":"Shading Mode"},"sceneLighting":true,"audioPlay":false,"sceneViewState":{"m_AlwaysRefresh":false,"showFog":false,"showSkybox":false,"showFlares":false,"showImageEffects":true,"showParticleSystems":true,"showVisualEffectGraphs":true,"m_FxEnabled":true},"in2DMode":false,"pivot":{"x":-0.8225568532943726,"y":24.984636306762697,"z":0.45682817697525027},"rotation":{"x":-0.01830548234283924,"y":0.0185930747538805,"z":-0.00034038315061479807,"w":-0.9996616244316101},"size":5.3678131103515629,"orthographic":false}