{"cameraMode":{"drawMode":0,"name":"Shaded","section":"Shading Mode"},"sceneLighting":true,"audioPlay":false,"sceneViewState":{"m_AlwaysRefresh":false,"showFog":false,"showSkybox":false,"showFlares":false,"showImageEffects":true,"showParticleSystems":true,"showVisualEffectGraphs":true,"m_FxEnabled":true},"in2DMode":false,"pivot":{"x":-1.501381516456604,"y":-0.32226312160491946,"z":-17.635957717895509},"rotation":{"x":0.04566424340009689,"y":0.1687857061624527,"z":-0.007637798320502043,"w":0.9846546649932861},"size":11.337876319885254,"orthographic":false}