{"cameraMode":{"drawMode":0,"name":"Shaded","section":"Shading Mode"},"sceneLighting":true,"audioPlay":false,"sceneViewState":{"m_AlwaysRefresh":false,"showFog":false,"showSkybox":false,"showFlares":false,"showImageEffects":true,"showParticleSystems":true,"showVisualEffectGraphs":true,"m_FxEnabled":true},"in2DMode":false,"pivot":{"x":1485.90966796875,"y":842.7318725585938,"z":-64.781982421875},"rotation":{"x":0.011809415183961392,"y":-0.008740290999412537,"z":0.00028588809072971344,"w":0.9999805688858032},"size":979.8197021484375,"orthographic":false}