{"cameraMode":{"drawMode":0,"name":"Shaded","section":"Shading Mode"},"sceneLighting":true,"audioPlay":false,"sceneViewState":{"m_AlwaysRefresh":false,"showFog":true,"showSkybox":true,"showFlares":true,"showImageEffects":true,"showParticleSystems":true,"showVisualEffectGraphs":true,"m_FxEnabled":true},"in2DMode":false,"pivot":{"x":0.9754211902618408,"y":0.5069515705108643,"z":0.45682814717292788},"rotation":{"x":0.04048844426870346,"y":0.009788243100047112,"z":-0.00040020205779001117,"w":0.9991658329963684},"size":12.010382652282715,"orthographic":false}